klass,comparison,n,mean_delta,cohens_d,p_raw,ci95_low,ci95_high,p_holm,p_bh_fdr,sig_holm
anterior,pgswin_full vs baseline,10,0.002480253162334223,1.6174967205398623,0.00390625,0.0008171607638620818,0.004092311096592344,0.0390625,0.015625,YES
posterior,pgswin_full vs baseline,10,0.0027100036158933527,1.7966277426770816,0.001953125,0.0011079163835411633,0.0044044166142380116,0.0234375,0.01171875,YES
anterior,pgswin_full vs swin_bottleneck,10,0.00047956237914703603,0.14916067969263258,1.0,-0.0017388139567118786,0.0028184436367117835,1.0,1.0,NO
posterior,pgswin_full vs swin_bottleneck,10,0.0012233477940159498,0.3571758928077521,0.322265625,-0.001200375751153567,0.003649478000613507,1.0,0.6428571428571428,NO
anterior,pgswin_full vs ctrl_ds_ema,10,0.0008668500990701933,0.4867944480286488,0.193359375,-0.0006770583147420184,0.0024444889027699407,1.0,0.4640625,NO
posterior,pgswin_full vs ctrl_ds_ema,10,0.00043122421592476365,0.1613122071956263,0.375,-0.0015148872718471168,0.0022697768620582297,1.0,0.6428571428571428,NO
anterior,ctrl_ds_ema vs baseline,10,0.0016134030632640294,0.7784124644565251,0.064453125,-0.00029649014935672155,0.003334370064386318,0.580078125,0.193359375,NO
posterior,ctrl_ds_ema vs baseline,10,0.002278779399968589,1.0354579659720284,0.001953125,0.0003817736168434059,0.004222438694042676,0.0234375,0.01171875,YES
anterior,sw_swin vs swin_bottleneck,10,8.725812810120859e-05,0.028074163833380305,1.0,-0.0021726658853761277,0.0024894400217040573,1.0,1.0,NO
posterior,sw_swin vs swin_bottleneck,10,6.732978030498105e-05,0.02509006463682206,0.921875,-0.002174518793065164,0.0022981142353913886,1.0,1.0,NO
anterior,sw_swin_proto vs sw_swin,10,0.00015378592810771918,0.061109039412816445,0.76953125,-0.001946843898624021,0.0021577171271579916,1.0,1.0,NO
posterior,sw_swin_proto vs sw_swin,10,-0.00047490805683433337,-0.1766672057622286,0.625,-0.0026613641474879475,0.0017201519120526123,1.0,0.9375,NO
